{"schema":5,"addons":[{"id":"cors-everywhere@spenibus","icons":{"32":null,"64":null},"name":"CORS Everywhere","type":"extension","version":"20150910-1410","repositoryStatus":4,"creator":{"name":"spenibus","url":"https://addons.mozilla.org/en-US/firefox/user/spenibus/?src=api"},"description":"This is a firefox addon that allows the user to enable CORS everywhere by altering http responses.","fullDescription":"CORS Everywhere\n===============\n\n- Website: http://spenibus.net\n\n- Repositories\n- GitHub: https://github.com/spenibus/cors-everywhere-firefox-addon\n- GitLab: https://gitlab.com/spenibus/cors-everywhere-firefox-addon\n\n- Packaged XPI releases: http://spenibus.net/files/gitbin/cors-everywhere-firefox-addon/\n\n- Mozilla Addons page: https://addons.mozilla.org/en-US/firefox/addon/cors-everywhere/\n\nThis is a firefox addon that allows the user to enable CORS everywhere by altering http responses.\n\n\nUsage\n-----\n\nThe addon's functionality can be toggled with the included button and is disabled by default.\nThe button can be found by right-clicking a toolbar and choosing `customize`.\nIt is labelled `CorsE` with a red background that turns green when enabled.\n\nA basic CORS test is available in the repository at `./_test/cors-everywhere-test.html`.\n\nIntended for developers. Use at your own risk.\n\n\nPreferences\n-----------\n\nBranch: `extensions.spenibus_corsEverywhere.`\n\n- `enabledAtStartup` (boolean) Enables this addon on startup\n\n\nTechnical note\n--------------\n\nThis addon uses a JavaScript code module, which basically makes it run like a global, single instance service. In contrast, the standard method of instantiating addons is to load them via an \"overlay\" which is tied to an individual window. This is important because this addon registers http events in the observer service.\n\nAllow me to quote the documentation, from Intercepting Page Loads ( https://developer.mozilla.org/en-US/Add-ons/Overlay_Extensions/XUL_School/Intercepting_Page_Loads ):\n\n>HTTP notifications are fired for all HTTP requests originating from Firefox.\n>They are window-independent, so it is better to keep your observer code in non-chrome objects (your XPCOM service or jsm module). Otherwise you have to make sure to avoid duplicated work if you have 2 or more windows open.\n\n\nAs such, this addon runs its core logic in a global context and only uses\noverlays for the UI. This avoids 2 issues:\n- Redundant observers.\n\nEach window being unaware of the status of other windows, the addon could be\nenabled within each of them, each with its own observer, all doing the exact\nsame thing at the same time. Not critical but still a better deal regarding\ncpu and memory.\n\n- Running silently.\n\nThis is much more critical. Since each window is only aware of itself,\nenabling the addon in one of them would let the user believe that it is only\nrunning in that one window while actually affecting all http requests\nregardless of the window in which they run.\n\n\nFAQ\n---\n\n- The addon is enabled but the requests return content as if no user was logged in the target domain.\n\nTry using `withCredentials` ( https://developer.mozilla.org/en-US/docs/Web/API/XMLHttpRequest/withCredentials ).","isPlatformCompatible":true,"eula":null,"screenshots":[{"url":"https://addons.cdn.mozilla.net/user-media/previews/full/164/164644.png?src=api&modified=1441854224","width":"240","height":"80","thumbnailURL":"https://addons.cdn.mozilla.net/user-media/previews/thumbs/164/164644.png?src=api&modified=1441854224","thumbnailWidth":"200","thumbnailHeight":"67","caption":"Main button"}],"averageRating":4,"learnmoreURL":"https://addons.mozilla.org/en-US/firefox/addon/cors-everywhere/?src=api","homepageURL":"http://spenibus.net","sourceURI":"https://addons.mozilla.org/firefox/downloads/file/349900/cors_everywhere-20150910-1410-fx.xpi?src=api","size":5632,"developerComments":null,"reviewURL":"https://addons.mozilla.org/en-US/firefox/addon/cors-everywhere/reviews/?src=api","reviewCount":11,"totalDownloads":73229,"weeklyDownloads":1256,"dailyUsers":8606,"updateDate":1444367307000,"supportURL":null},{"id":"kiosk@costaisa.com","icons":{"32":"https://addons.cdn.mozilla.net/user-media/addon_icons/720/720145-32.png?modified=1470385216","64":"https://addons.cdn.mozilla.net/user-media/addon_icons/720/720145-64.png?modified=1470385216"},"name":"kiosk-costaisa","type":"extension","version":"0.9.2","repositoryStatus":4,"creator":{"name":"JuanjoGarcia","url":"https://addons.mozilla.org/en-US/firefox/user/JuanjoGarcia/?src=api"},"description":"RKiosk (Real Kiosk), fullscreen kiosk mode: all menus, keys etc. disabled\nCostaisa variant.","fullDescription":"Costaisa variant of RKiosk (Real Kiosk)","isPlatformCompatible":true,"eula":null,"screenshots":[{"url":"https://addons.cdn.mozilla.net/user-media/previews/full/176/176891.png?src=api&modified=1470211044","width":"700","height":"525","thumbnailURL":"https://addons.cdn.mozilla.net/user-media/previews/thumbs/176/176891.png?src=api&modified=1470211044","thumbnailWidth":"200","thumbnailHeight":"150","caption":"Allows to create a real web desktop."}],"averageRating":3,"learnmoreURL":"https://addons.mozilla.org/en-US/firefox/addon/kiosk-costaisa/?src=api","homepageURL":"https://addons.mozilla.org/en-US/firefox/addon/kiosk-costaisa/?src=api","sourceURI":"https://addons.mozilla.org/firefox/downloads/file/477873/kiosk_costaisa-0.9.2-fx.xpi?src=api","size":8583,"developerComments":null,"reviewURL":"https://addons.mozilla.org/en-US/firefox/addon/kiosk-costaisa/reviews/?src=api","reviewCount":7,"totalDownloads":8341,"weeklyDownloads":284,"dailyUsers":1808,"updateDate":1470382096000,"supportURL":null},{"id":"firefox-hotfix@mozilla.org","icons":{"32":"https://addons.cdn.mozilla.net/user-media/addon_icons/354/354399-32.png?modified=1452244815","64":"https://addons.cdn.mozilla.net/user-media/addon_icons/354/354399-64.png?modified=1452244815"},"name":"Mozilla Firefox hotfix","type":"extension","version":"20160826.01","repositoryStatus":4,"creator":{"name":"Mozilla","url":"https://addons.mozilla.org/en-US/firefox/user/mozilla/?src=api"},"description":"This official add-on enables Firefox to provide quick fixes for selected issues.","fullDescription":"This official add-on enables Firefox to provide quick fixes for selected issues. There is no need to install this add-on; starting in Firefox 11, it will be automatically installed. For more information, see: https://wiki.mozilla.org/Features/Desktop/Add-on_hotfix","isPlatformCompatible":true,"eula":null,"averageRating":2,"learnmoreURL":"https://addons.mozilla.org/en-US/firefox/addon/firefox-hotfix/?src=api","homepageURL":"http://www.mozilla.org/","sourceURI":"https://addons.mozilla.org/firefox/downloads/file/493327/mozilla_firefox_hotfix-20160826.01-fx.xpi?src=api","size":23373,"developerComments":null,"reviewURL":"https://addons.mozilla.org/en-US/firefox/addon/firefox-hotfix/reviews/?src=api","reviewCount":10,"totalDownloads":352387,"weeklyDownloads":1726,"dailyUsers":352387,"updateDate":1472574528000,"supportURL":"http://support.mozilla.com/"}]}