{"schemaVersion":19,"addons":[{"id":"cors-everywhere@spenibus","syncGUID":"{f033480a-2044-4611-b6d3-bb10f30c0884}","location":"app-profile","version":"20150910-1410","type":"extension","internalName":null,"updateURL":null,"updateKey":null,"optionsURL":null,"optionsType":null,"aboutURL":null,"icons":{},"iconURL":null,"icon64URL":null,"defaultLocale":{"name":"cors everywhere","description":"enable cors everywhere","creator":"spenibus","homepageURL":"http://spenibus.net"},"visible":true,"active":true,"userDisabled":false,"appDisabled":false,"descriptor":"C:\\webcuteFF91\\production_inkcloud_v3\\Firefox\\ink_profile\\extensions\\cors-everywhere@spenibus.xpi","installDate":1488470429789,"updateDate":1499904712000,"applyBackgroundUpdates":"0","bootstrap":false,"skinnable":false,"size":18702,"sourceURI":null,"releaseNotesURI":null,"softDisabled":false,"foreignInstall":false,"hasBinaryComponents":false,"strictCompatibility":false,"locales":[],"targetApplications":[{"id":"{ec8030f7-c20a-464f-9b0e-13a3a9e97384}","minVersion":"1.4","maxVersion":"44.0"}],"targetPlatforms":[],"multiprocessCompatible":false,"signedState":2,"seen":true,"dependencies":[],"hasEmbeddedWebExtension":false,"mpcOptedOut":false},{"id":"kiosk@costaisa.com","syncGUID":"{7015ae08-0373-4a31-91ee-ea184da0e466}","location":"app-profile","version":"0.9.2","type":"extension","internalName":null,"updateURL":null,"updateKey":null,"optionsURL":null,"optionsType":null,"aboutURL":null,"icons":{},"iconURL":null,"icon64URL":null,"defaultLocale":{"name":"R-kiosk","description":"RKiosk (Real Kiosk), fullscreen kiosk mode: all menus, keys etc. disabled","creator":"Kimmo Heinaaro","homepageURL":null},"visible":true,"active":true,"userDisabled":false,"appDisabled":false,"descriptor":"C:\\webcuteFF91\\production_inkcloud_v3\\Firefox\\ink_profile\\extensions\\kiosk@costaisa.com.xpi","installDate":1488470464830,"updateDate":1499904712000,"applyBackgroundUpdates":"0","bootstrap":false,"skinnable":false,"size":17760,"sourceURI":null,"releaseNotesURI":null,"softDisabled":false,"foreignInstall":false,"hasBinaryComponents":false,"strictCompatibility":false,"locales":[],"targetApplications":[{"id":"{ec8030f7-c20a-464f-9b0e-13a3a9e97384}","minVersion":"2.0","maxVersion":"6.*"}],"targetPlatforms":[],"multiprocessCompatible":true,"signedState":2,"seen":true,"dependencies":[],"hasEmbeddedWebExtension":false,"mpcOptedOut":false},{"id":"aushelper@mozilla.org","syncGUID":"{fc6df8be-90ab-4f97-9ec5-9912b40fdad0}","location":"app-system-defaults","version":"1.0","type":"extension","internalName":null,"updateURL":null,"updateKey":null,"optionsURL":null,"optionsType":null,"aboutURL":null,"icons":{},"iconURL":null,"icon64URL":null,"defaultLocale":{"name":"Application Update Service Helper","description":"Sets value(s) in the update url based on custom checks.","creator":null,"homepageURL":null},"visible":true,"active":true,"userDisabled":false,"appDisabled":false,"descriptor":"C:\\webcuteFF91\\production_inkcloud_v3\\firefox\\browser\\features\\aushelper@mozilla.org.xpi","installDate":1485371690000,"updateDate":1499904212000,"applyBackgroundUpdates":1,"bootstrap":true,"skinnable":false,"size":5975,"sourceURI":null,"releaseNotesURI":null,"softDisabled":false,"foreignInstall":false,"hasBinaryComponents":false,"strictCompatibility":false,"locales":[],"targetApplications":[{"id":"{ec8030f7-c20a-464f-9b0e-13a3a9e97384}","minVersion":"51.0.1","maxVersion":"51.*"}],"targetPlatforms":[],"multiprocessCompatible":true,"seen":true,"dependencies":[],"hasEmbeddedWebExtension":false,"mpcOptedOut":false},{"id":"e10srollout@mozilla.org","syncGUID":"{c62fd817-b38f-4797-a49e-8cd6a2965bb5}","location":"app-system-defaults","version":"1.7","type":"extension","internalName":null,"updateURL":null,"updateKey":null,"optionsURL":null,"optionsType":null,"aboutURL":null,"icons":{},"iconURL":null,"icon64URL":null,"defaultLocale":{"name":"Multi-process staged rollout","description":"Staged rollout of Firefox multi-process feature.","creator":null,"homepageURL":null},"visible":true,"active":true,"userDisabled":false,"appDisabled":false,"descriptor":"C:\\webcuteFF91\\production_inkcloud_v3\\firefox\\browser\\features\\e10srollout@mozilla.org.xpi","installDate":1485371690000,"updateDate":1499904212000,"applyBackgroundUpdates":1,"bootstrap":true,"skinnable":false,"size":6997,"sourceURI":null,"releaseNotesURI":null,"softDisabled":false,"foreignInstall":false,"hasBinaryComponents":false,"strictCompatibility":false,"locales":[],"targetApplications":[{"id":"{ec8030f7-c20a-464f-9b0e-13a3a9e97384}","minVersion":"51.0.1","maxVersion":"51.*"}],"targetPlatforms":[],"multiprocessCompatible":true,"seen":true,"dependencies":[],"hasEmbeddedWebExtension":false,"mpcOptedOut":false},{"id":"firefox@getpocket.com","syncGUID":"{5727daf4-9c60-4410-8608-b71d41b675e8}","location":"app-system-defaults","version":"1.0.5","type":"extension","internalName":null,"updateURL":null,"updateKey":null,"optionsURL":null,"optionsType":null,"aboutURL":null,"icons":{},"iconURL":null,"icon64URL":null,"defaultLocale":{"name":"Pocket","description":"When you find something you want to view later, put it in Pocket.","creator":null,"homepageURL":null},"visible":true,"active":true,"userDisabled":false,"appDisabled":false,"descriptor":"C:\\webcuteFF91\\production_inkcloud_v3\\firefox\\browser\\features\\firefox@getpocket.com.xpi","installDate":1485371691000,"updateDate":1499904212000,"applyBackgroundUpdates":1,"bootstrap":true,"skinnable":false,"size":921011,"sourceURI":null,"releaseNotesURI":null,"softDisabled":false,"foreignInstall":false,"hasBinaryComponents":false,"strictCompatibility":false,"locales":[],"targetApplications":[{"id":"{ec8030f7-c20a-464f-9b0e-13a3a9e97384}","minVersion":"51.0.1","maxVersion":"51.*"}],"targetPlatforms":[],"multiprocessCompatible":true,"seen":true,"dependencies":[],"hasEmbeddedWebExtension":false,"mpcOptedOut":false},{"id":"webcompat@mozilla.org","syncGUID":"{e15a8fe5-3503-4f90-afeb-e26708768869}","location":"app-system-defaults","version":"1.0","type":"extension","internalName":null,"updateURL":null,"updateKey":null,"optionsURL":null,"optionsType":null,"aboutURL":null,"icons":{},"iconURL":null,"icon64URL":null,"defaultLocale":{"name":"Web Compat","description":"Urgent post-release fixes for web compatibility.","creator":null,"homepageURL":null},"visible":true,"active":true,"userDisabled":false,"appDisabled":false,"descriptor":"C:\\webcuteFF91\\production_inkcloud_v3\\firefox\\browser\\features\\webcompat@mozilla.org.xpi","installDate":1485371690000,"updateDate":1499904212000,"applyBackgroundUpdates":1,"bootstrap":true,"skinnable":false,"size":1570,"sourceURI":null,"releaseNotesURI":null,"softDisabled":false,"foreignInstall":false,"hasBinaryComponents":false,"strictCompatibility":false,"locales":[],"targetApplications":[{"id":"{ec8030f7-c20a-464f-9b0e-13a3a9e97384}","minVersion":"51.0.1","maxVersion":"51.*"}],"targetPlatforms":[],"multiprocessCompatible":true,"seen":true,"dependencies":[],"hasEmbeddedWebExtension":false,"mpcOptedOut":false},{"id":"{972ce4c6-7e08-4474-a285-3208198ce6fd}","syncGUID":"{a5388979-d531-4158-9e72-45b18f8f4818}","location":"app-global","version":"51.0.1","type":"theme","internalName":"classic/1.0","updateURL":null,"updateKey":null,"optionsURL":null,"optionsType":null,"aboutURL":null,"icons":{"32":"icon.png","48":"icon.png"},"iconURL":null,"icon64URL":null,"defaultLocale":{"name":"Default","description":"The default theme.","creator":"Mozilla","homepageURL":null,"contributors":["Mozilla Contributors"]},"visible":true,"active":true,"userDisabled":false,"appDisabled":false,"descriptor":"C:\\webcuteFF91\\production_inkcloud_v3\\firefox\\browser\\extensions\\{972ce4c6-7e08-4474-a285-3208198ce6fd}.xpi","installDate":1485371690000,"updateDate":1499904212000,"applyBackgroundUpdates":1,"skinnable":true,"size":19708,"sourceURI":null,"releaseNotesURI":null,"softDisabled":false,"foreignInstall":false,"hasBinaryComponents":false,"strictCompatibility":true,"locales":[],"targetApplications":[{"id":"{ec8030f7-c20a-464f-9b0e-13a3a9e97384}","minVersion":"51.0.1","maxVersion":"51.0.1"}],"targetPlatforms":[],"seen":true,"dependencies":[],"hasEmbeddedWebExtension":false},{"id":"diagnostics@mozilla.org","syncGUID":"{b5e0b950-1f8e-46db-8a76-1439d01f5b2f}","location":"app-system-addons","version":"1.0","type":"extension","internalName":null,"updateURL":null,"updateKey":null,"optionsURL":null,"optionsType":null,"aboutURL":null,"icons":{},"iconURL":null,"icon64URL":null,"defaultLocale":{"name":"Diagnostics","description":"Diagnose Firefox update problems.","creator":null,"homepageURL":null},"visible":true,"active":true,"userDisabled":false,"appDisabled":false,"descriptor":"C:\\webcuteFF91\\production_inkcloud_v3\\Firefox\\ink_profile\\features\\{726875d7-5135-4440-adc6-6c3d8f95bb04}\\diagnostics@mozilla.org.xpi","installDate":1499904478000,"updateDate":1499904478000,"applyBackgroundUpdates":1,"bootstrap":true,"skinnable":false,"size":7203,"sourceURI":null,"releaseNotesURI":null,"softDisabled":false,"foreignInstall":false,"hasBinaryComponents":false,"strictCompatibility":false,"locales":[],"targetApplications":[{"id":"{ec8030f7-c20a-464f-9b0e-13a3a9e97384}","minVersion":"50.*","maxVersion":"*"}],"targetPlatforms":[],"multiprocessCompatible":true,"signedState":3,"seen":true,"dependencies":[],"hasEmbeddedWebExtension":false,"mpcOptedOut":false},{"id":"disableSHA1rollout@mozilla.org","syncGUID":"{254ad16a-2ab4-4da3-9131-b124349576b8}","location":"app-system-addons","version":"1.3","type":"extension","internalName":null,"updateURL":null,"updateKey":null,"optionsURL":null,"optionsType":null,"aboutURL":null,"icons":{},"iconURL":null,"icon64URL":null,"defaultLocale":{"name":"SHA-1 deprecation staged rollout","description":"Staged rollout deprecating SHA-1 in certificate signatures.","creator":null,"homepageURL":null},"visible":true,"active":true,"userDisabled":false,"appDisabled":false,"descriptor":"C:\\webcuteFF91\\production_inkcloud_v3\\Firefox\\ink_profile\\features\\{726875d7-5135-4440-adc6-6c3d8f95bb04}\\disableSHA1rollout@mozilla.org.xpi","installDate":1499904478000,"updateDate":1499904478000,"applyBackgroundUpdates":1,"bootstrap":true,"skinnable":false,"size":18421,"sourceURI":null,"releaseNotesURI":null,"softDisabled":false,"foreignInstall":false,"hasBinaryComponents":false,"strictCompatibility":false,"locales":[],"targetApplications":[{"id":"{ec8030f7-c20a-464f-9b0e-13a3a9e97384}","minVersion":"51.0","maxVersion":"52.*"}],"targetPlatforms":[],"multiprocessCompatible":true,"signedState":3,"seen":true,"dependencies":[],"hasEmbeddedWebExtension":false,"mpcOptedOut":false},{"id":"hsts-priming@mozilla.org","syncGUID":"{d22858e3-a681-4d79-9bf9-addc9181b098}","location":"app-system-addons","version":"1.0","type":"extension","internalName":null,"updateURL":null,"updateKey":null,"optionsURL":null,"optionsType":null,"aboutURL":null,"icons":{},"iconURL":null,"icon64URL":null,"defaultLocale":{"name":"Send HSTS Priming Requests","description":"Disables sending HSTS priming requests by default in Release.","creator":null,"homepageURL":null},"visible":true,"active":true,"userDisabled":false,"appDisabled":false,"descriptor":"C:\\webcuteFF91\\production_inkcloud_v3\\Firefox\\ink_profile\\features\\{726875d7-5135-4440-adc6-6c3d8f95bb04}\\hsts-priming@mozilla.org.xpi","installDate":1499904478000,"updateDate":1499904478000,"applyBackgroundUpdates":1,"bootstrap":true,"skinnable":false,"size":6539,"sourceURI":null,"releaseNotesURI":null,"softDisabled":false,"foreignInstall":false,"hasBinaryComponents":false,"strictCompatibility":false,"locales":[],"targetApplications":[{"id":"{ec8030f7-c20a-464f-9b0e-13a3a9e97384}","minVersion":"51.0","maxVersion":"52.*"}],"targetPlatforms":[],"multiprocessCompatible":true,"signedState":3,"seen":true,"dependencies":[],"hasEmbeddedWebExtension":false,"mpcOptedOut":false},{"id":"tls13-compat-ff51@mozilla.org","syncGUID":"{f2256ce3-162d-400c-a1ac-70363820157d}","location":"app-system-addons","version":"1.0.3","type":"extension","internalName":null,"updateURL":null,"updateKey":null,"optionsURL":null,"optionsType":null,"aboutURL":"https://bugzilla.mozilla.org/show_bug.cgi?id=1325872","icons":{},"iconURL":null,"icon64URL":null,"defaultLocale":{"name":"TLS 1.3 Compatibility Testing 3","description":"Testing compatibility of TLS 1.3.","creator":null,"homepageURL":null},"visible":true,"active":true,"userDisabled":false,"appDisabled":false,"descriptor":"C:\\webcuteFF91\\production_inkcloud_v3\\Firefox\\ink_profile\\features\\{726875d7-5135-4440-adc6-6c3d8f95bb04}\\tls13-compat-ff51@mozilla.org.xpi","installDate":1499904478000,"updateDate":1499904478000,"applyBackgroundUpdates":1,"bootstrap":true,"skinnable":false,"size":10336,"sourceURI":null,"releaseNotesURI":null,"softDisabled":false,"foreignInstall":false,"hasBinaryComponents":false,"strictCompatibility":false,"locales":[],"targetApplications":[{"id":"{ec8030f7-c20a-464f-9b0e-13a3a9e97384}","minVersion":"51","maxVersion":"52.*"}],"targetPlatforms":[],"multiprocessCompatible":true,"signedState":3,"seen":true,"dependencies":[],"hasEmbeddedWebExtension":false,"mpcOptedOut":false}]}