{"directory": [{"bgColor": "", "directoryId": 8174, "enhancedImageURI": "https://tiles-cloudfront.cdn.mozilla.net/images/b18c52ee5445fb37ed466d695f7e018efd0ad58f.95655.png", "imageURI": "https://tiles-cloudfront.cdn.mozilla.net/images/b18c52ee5445fb37ed466d695f7e018efd0ad58f.95655.png", "title": "Mozilla Community", "type": "affiliate", "url": "http://contribute.mozilla.org/"}, {"bgColor": "", "directoryId": 8158, "enhancedImageURI": "https://tiles-cloudfront.cdn.mozilla.net/images/12abda9be001265d0721947e520149fb781562b8.10301.png", "imageURI": "https://tiles-cloudfront.cdn.mozilla.net/images/12abda9be001265d0721947e520149fb781562b8.10301.png", "title": "Mozilla Developer Network", "type": "affiliate", "url": "https://developer.mozilla.org/en-US/?utm_source=mozilla&utm_medium=firefox-tile&utm_campaign=default"}, {"bgColor": "", "directoryId": 8144, "enhancedImageURI": "https://tiles-cloudfront.cdn.mozilla.net/images/0152ecdf5b18e095d255486b18c3f6a04ba6300e.27260.png", "imageURI": "https://tiles-cloudfront.cdn.mozilla.net/images/0152ecdf5b18e095d255486b18c3f6a04ba6300e.27260.png", "title": "Mozilla Webmaker", "type": "affiliate", "url": "https://webmaker.org/?utm_source=directory-tiles&utm_medium=firefox-browser"}, {"bgColor": "", "directoryId": 8137, "enhancedImageURI": "https://tiles-cloudfront.cdn.mozilla.net/images/af34c0541c6cdff392ec4414cb5949fa7012271d.17141.png", "imageURI": "https://tiles-cloudfront.cdn.mozilla.net/images/af34c0541c6cdff392ec4414cb5949fa7012271d.17141.png", "title": "Firefox Sync", "type": "affiliate", "url": "http://mozilla-europe.org/firefox/sync"}, {"bgColor": "", "directoryId": 2423, "enhancedImageURI": "https://tiles-cloudfront.cdn.mozilla.net/images/aa5b044615f17199197479531d8de2c00b9d416e.12241.png", "imageURI": "https://tiles-cloudfront.cdn.mozilla.net/images/3ac03b9e0514592f3d2f5b3dfdb9a9dc4ab5ddac.6160.png", "title": "Privacy", "type": "affiliate", "url": "https://www.mozilla.org/privacy/tips/?utm_source=directory-tiles&utm_medium=tiles&utm_content=PrivacyV1&utm_campaign=desktop"}], "suggested": []}