{"schemaVersion":19,"addons":[{"id":"cors-everywhere@spenibus","syncGUID":"{f033480a-2044-4611-b6d3-bb10f30c0884}","location":"app-profile","version":"20150910-1410","type":"extension","internalName":null,"updateURL":null,"updateKey":null,"optionsURL":null,"optionsType":null,"aboutURL":null,"icons":{},"iconURL":null,"icon64URL":null,"defaultLocale":{"name":"cors everywhere","description":"enable cors everywhere","creator":"spenibus","homepageURL":"http://spenibus.net"},"visible":true,"active":true,"userDisabled":false,"appDisabled":false,"descriptor":"C:\\webcute_git\\production_inkcloud_v2\\Firefox\\ink_profile\\extensions\\cors-everywhere@spenibus.xpi","installDate":1488470429789,"updateDate":1499904712000,"applyBackgroundUpdates":"0","bootstrap":false,"skinnable":false,"size":18702,"sourceURI":null,"releaseNotesURI":null,"softDisabled":false,"foreignInstall":false,"hasBinaryComponents":false,"strictCompatibility":false,"locales":[],"targetApplications":[{"id":"{ec8030f7-c20a-464f-9b0e-13a3a9e97384}","minVersion":"1.4","maxVersion":"44.0"}],"targetPlatforms":[],"multiprocessCompatible":false,"signedState":2,"seen":true,"dependencies":[],"hasEmbeddedWebExtension":false,"mpcOptedOut":false},{"id":"kiosk@costaisa.com","syncGUID":"{7015ae08-0373-4a31-91ee-ea184da0e466}","location":"app-profile","version":"0.9.2","type":"extension","internalName":null,"updateURL":null,"updateKey":null,"optionsURL":null,"optionsType":null,"aboutURL":null,"icons":{},"iconURL":null,"icon64URL":null,"defaultLocale":{"name":"R-kiosk","description":"RKiosk (Real Kiosk), fullscreen kiosk mode: all menus, keys etc. disabled","creator":"Kimmo Heinaaro","homepageURL":null},"visible":true,"active":true,"userDisabled":false,"appDisabled":false,"descriptor":"C:\\webcute_git\\production_inkcloud_v2\\Firefox\\ink_profile\\extensions\\kiosk@costaisa.com.xpi","installDate":1488470464830,"updateDate":1499904712000,"applyBackgroundUpdates":"0","bootstrap":false,"skinnable":false,"size":17760,"sourceURI":null,"releaseNotesURI":null,"softDisabled":false,"foreignInstall":false,"hasBinaryComponents":false,"strictCompatibility":false,"locales":[],"targetApplications":[{"id":"{ec8030f7-c20a-464f-9b0e-13a3a9e97384}","minVersion":"2.0","maxVersion":"6.*"}],"targetPlatforms":[],"multiprocessCompatible":true,"signedState":2,"seen":true,"dependencies":[],"hasEmbeddedWebExtension":false,"mpcOptedOut":false},{"id":"aushelper@mozilla.org","syncGUID":"{fc6df8be-90ab-4f97-9ec5-9912b40fdad0}","location":"app-system-defaults","version":"1.0","type":"extension","internalName":null,"updateURL":null,"updateKey":null,"optionsURL":null,"optionsType":null,"aboutURL":null,"icons":{},"iconURL":null,"icon64URL":null,"defaultLocale":{"name":"Application Update Service Helper","description":"Sets value(s) in the update url based on custom checks.","creator":null,"homepageURL":null},"visible":true,"active":true,"userDisabled":false,"appDisabled":false,"descriptor":"C:\\webcute_git\\production_inkcloud_v2\\firefox\\browser\\features\\aushelper@mozilla.org.xpi","installDate":1485371690000,"updateDate":1499904212000,"applyBackgroundUpdates":1,"bootstrap":true,"skinnable":false,"size":5975,"sourceURI":null,"releaseNotesURI":null,"softDisabled":false,"foreignInstall":false,"hasBinaryComponents":false,"strictCompatibility":false,"locales":[],"targetApplications":[{"id":"{ec8030f7-c20a-464f-9b0e-13a3a9e97384}","minVersion":"51.0.1","maxVersion":"51.*"}],"targetPlatforms":[],"multiprocessCompatible":true,"seen":true,"dependencies":[],"hasEmbeddedWebExtension":false,"mpcOptedOut":false},{"id":"e10srollout@mozilla.org","syncGUID":"{c62fd817-b38f-4797-a49e-8cd6a2965bb5}","location":"app-system-defaults","version":"1.7","type":"extension","internalName":null,"updateURL":null,"updateKey":null,"optionsURL":null,"optionsType":null,"aboutURL":null,"icons":{},"iconURL":null,"icon64URL":null,"defaultLocale":{"name":"Multi-process staged rollout","description":"Staged rollout of Firefox multi-process feature.","creator":null,"homepageURL":null},"visible":true,"active":true,"userDisabled":false,"appDisabled":false,"descriptor":"C:\\webcute_git\\production_inkcloud_v2\\firefox\\browser\\features\\e10srollout@mozilla.org.xpi","installDate":1485371690000,"updateDate":1499904212000,"applyBackgroundUpdates":1,"bootstrap":true,"skinnable":false,"size":6997,"sourceURI":null,"releaseNotesURI":null,"softDisabled":false,"foreignInstall":false,"hasBinaryComponents":false,"strictCompatibility":false,"locales":[],"targetApplications":[{"id":"{ec8030f7-c20a-464f-9b0e-13a3a9e97384}","minVersion":"51.0.1","maxVersion":"51.*"}],"targetPlatforms":[],"multiprocessCompatible":true,"seen":true,"dependencies":[],"hasEmbeddedWebExtension":false,"mpcOptedOut":false},{"id":"firefox@getpocket.com","syncGUID":"{5727daf4-9c60-4410-8608-b71d41b675e8}","location":"app-system-defaults","version":"1.0.5","type":"extension","internalName":null,"updateURL":null,"updateKey":null,"optionsURL":null,"optionsType":null,"aboutURL":null,"icons":{},"iconURL":null,"icon64URL":null,"defaultLocale":{"name":"Pocket","description":"When you find something you want to view later, put it in Pocket.","creator":null,"homepageURL":null},"visible":true,"active":true,"userDisabled":false,"appDisabled":false,"descriptor":"C:\\webcute_git\\production_inkcloud_v2\\firefox\\browser\\features\\firefox@getpocket.com.xpi","installDate":1485371691000,"updateDate":1499904212000,"applyBackgroundUpdates":1,"bootstrap":true,"skinnable":false,"size":921011,"sourceURI":null,"releaseNotesURI":null,"softDisabled":false,"foreignInstall":false,"hasBinaryComponents":false,"strictCompatibility":false,"locales":[],"targetApplications":[{"id":"{ec8030f7-c20a-464f-9b0e-13a3a9e97384}","minVersion":"51.0.1","maxVersion":"51.*"}],"targetPlatforms":[],"multiprocessCompatible":true,"seen":true,"dependencies":[],"hasEmbeddedWebExtension":false,"mpcOptedOut":false},{"id":"webcompat@mozilla.org","syncGUID":"{e15a8fe5-3503-4f90-afeb-e26708768869}","location":"app-system-defaults","version":"1.0","type":"extension","internalName":null,"updateURL":null,"updateKey":null,"optionsURL":null,"optionsType":null,"aboutURL":null,"icons":{},"iconURL":null,"icon64URL":null,"defaultLocale":{"name":"Web Compat","description":"Urgent post-release fixes for web compatibility.","creator":null,"homepageURL":null},"visible":true,"active":true,"userDisabled":false,"appDisabled":false,"descriptor":"C:\\webcute_git\\production_inkcloud_v2\\firefox\\browser\\features\\webcompat@mozilla.org.xpi","installDate":1485371690000,"updateDate":1499904212000,"applyBackgroundUpdates":1,"bootstrap":true,"skinnable":false,"size":1570,"sourceURI":null,"releaseNotesURI":null,"softDisabled":false,"foreignInstall":false,"hasBinaryComponents":false,"strictCompatibility":false,"locales":[],"targetApplications":[{"id":"{ec8030f7-c20a-464f-9b0e-13a3a9e97384}","minVersion":"51.0.1","maxVersion":"51.*"}],"targetPlatforms":[],"multiprocessCompatible":true,"seen":true,"dependencies":[],"hasEmbeddedWebExtension":false,"mpcOptedOut":false},{"id":"{972ce4c6-7e08-4474-a285-3208198ce6fd}","syncGUID":"{a5388979-d531-4158-9e72-45b18f8f4818}","location":"app-global","version":"51.0.1","type":"theme","internalName":"classic/1.0","updateURL":null,"updateKey":null,"optionsURL":null,"optionsType":null,"aboutURL":null,"icons":{"32":"icon.png","48":"icon.png"},"iconURL":null,"icon64URL":null,"defaultLocale":{"name":"Default","description":"The default theme.","creator":"Mozilla","homepageURL":null,"contributors":["Mozilla Contributors"]},"visible":true,"active":true,"userDisabled":false,"appDisabled":false,"descriptor":"C:\\webcute_git\\production_inkcloud_v2\\firefox\\browser\\extensions\\{972ce4c6-7e08-4474-a285-3208198ce6fd}.xpi","installDate":1485371690000,"updateDate":1499904212000,"applyBackgroundUpdates":1,"skinnable":true,"size":19708,"sourceURI":null,"releaseNotesURI":null,"softDisabled":false,"foreignInstall":false,"hasBinaryComponents":false,"strictCompatibility":true,"locales":[],"targetApplications":[{"id":"{ec8030f7-c20a-464f-9b0e-13a3a9e97384}","minVersion":"51.0.1","maxVersion":"51.0.1"}],"targetPlatforms":[],"seen":true,"dependencies":[],"hasEmbeddedWebExtension":false}]}