{"directory": [{"bgColor": "", "directoryId": 8174, "enhancedImageURI": "https://tiles-cloudfront.cdn.mozilla.net/images/b18c52ee5445fb37ed466d695f7e018efd0ad58f.95655.png", "imageURI": "https://tiles-cloudfront.cdn.mozilla.net/images/b18c52ee5445fb37ed466d695f7e018efd0ad58f.95655.png", "title": "Mozilla Community", "type": "affiliate", "url": "http://contribute.mozilla.org/"}, {"bgColor": "", "directoryId": 8158, "enhancedImageURI": "https://tiles-cloudfront.cdn.mozilla.net/images/12abda9be001265d0721947e520149fb781562b8.10301.png", "imageURI": "https://tiles-cloudfront.cdn.mozilla.net/images/12abda9be001265d0721947e520149fb781562b8.10301.png", "title": "Mozilla Developer Network", "type": "affiliate", "url": "https://developer.mozilla.org/en-US/?utm_source=mozilla&utm_medium=firefox-tile&utm_campaign=default"}, {"bgColor": "", "directoryId": 8144, "enhancedImageURI": "https://tiles-cloudfront.cdn.mozilla.net/images/0152ecdf5b18e095d255486b18c3f6a04ba6300e.27260.png", "imageURI": "https://tiles-cloudfront.cdn.mozilla.net/images/0152ecdf5b18e095d255486b18c3f6a04ba6300e.27260.png", "title": "Mozilla Webmaker", "type": "affiliate", "url": "https://webmaker.org/?utm_source=directory-tiles&utm_medium=firefox-browser"}, {"bgColor": "", "directoryId": 8137, "enhancedImageURI": "https://tiles-cloudfront.cdn.mozilla.net/images/af34c0541c6cdff392ec4414cb5949fa7012271d.17141.png", "imageURI": "https://tiles-cloudfront.cdn.mozilla.net/images/af34c0541c6cdff392ec4414cb5949fa7012271d.17141.png", "title": "Firefox Sync", "type": "affiliate", "url": "http://mozilla-europe.org/firefox/sync"}, {"bgColor": "", "directoryId": 8123, "enhancedImageURI": "https://tiles-cloudfront.cdn.mozilla.net/images/779e35acbfe52553d7f36add885732a12ec95476.39795.png", "imageURI": "https://tiles-cloudfront.cdn.mozilla.net/images/779e35acbfe52553d7f36add885732a12ec95476.39795.png", "title": "Customize Firefox", "type": "affiliate", "url": "https://www.mozilla.org/firefox/features/?utm_source=directory-tiles&utm_medium=tiles&utm_campaign=desktop&utm_content=customize"}], "suggested": []}