{"chrome://browser/content/browser.xul":{"navigator-toolbox":{"iconsize":"small"},"titlebar-placeholder-on-menubar-for-caption-buttons":{"width":"106"},"titlebar-placeholder-on-TabsToolbar-for-captions-buttons":{"width":"106"},"main-window":{"screenX":"0","screenY":"74","width":"921","height":"660","sizemode":"maximized"},"toolbar-menubar":{"currentset":"menubar-items"},"TabsToolbar":{"currentset":"tabbrowser-tabs,new-tab-button,alltabs-button"},"nav-bar":{"currentset":"urlbar-container,search-container,bookmarks-menu-button,downloads-button,home-button,pocket-button,spenibus_cors_everywhere_button_toggle"},"PersonalToolbar":{"currentset":"personal-bookmarks"},"addon-bar":{"currentset":"addonbar-closebutton,status-bar"},"sidebar-box":{"sidebarcommand":"","width":"","src":""},"sidebar-title":{"value":""}}}